Comment,Designator,Footprint,LCSC Part Number
0.1uF,"C1,C2,C3",Capacitor_SMD:C_0805_2012Metric,C49678
10uF,C4,Capacitor_SMD:C_0805_2012Metric,C15850
1uF,C5,Capacitor_SMD:C_0805_2012Metric,C1712
22pF,"C7,C6",Capacitor_SMD:C_0805_2012Metric,C1712
D,"D73,D74,D75,D76,D77,D1,D80,D79,D78,D71,D72,D70,D69,D68,D67,D66,D65,D64,D63,D62,D61,D60,D59,D58,D57,D56,D55,D54,D53,D52,D51,D50,D49,D48,D47,D46,D45,D44,D43,D42,D41,D40,D39,D38,D37,D36,D35,D34,D33,D32,D31,D30,D29,D28,D27,D26,D25,D24,D23,D22,D21,D20,D19,D18,D17,D16,D15,D14,D13,D12,D11,D10,D9,D8,D7,D6,D5,D4,D3,D2",Diode_SMD:D_SOD-123,C2099
LED,"D81,D82,D83",LED_THT:LED_D3.0mm,~
D_TVS,D84,AEK75_parts:SOD123FL,C123799
500mA,F1,Fuse:Fuse_1206_3216Metric,C135338
USB_C_Receptacle_USB2.0,J1,Connector_USB:USB_C_Receptacle_HRO_TYPE-C-31-M-12,C165948
22,"R1,R2",Resistor_SMD:R_0805_2012Metric,C17561
10k,"R4,R3",Resistor_SMD:R_0805_2012Metric,C17414
470,"R5,R6,R7",Resistor_SMD:R_0805_2012Metric,C17710
5.1k,"R9,R8",Resistor_SMD:R_0805_2012Metric,C27834
ATMEGA32U4,U2,Package_QFP:TQFP-44_10x10mm_P0.8mm,C44854
XTAL_GND,X1,keyboard_parts:FA-238,C13738